X,questions,correct,submitted,vig
1,Test Question 1 (A)<br> A) Test<br> B) Test<br> C) Test<br> D) Test,A,,Vig1
2,Test Question (B)<br> A) Test<br> B) Test<br> C) Test<br> D) Test,B,,Vig1
3,Test Question (C)<br> A) Test<br> B) Test<br> C) Test<br> D) Test,C,,Vig2
4,Test Question (D)<br> A) Test<br> B) Test<br> C) Test<br> D) Test,D,,Vig2
5,Test Question (C)<br> A) Test<br> B) Test<br> C) Test<br> D) Test,A,,Vig3
6,Test Question (D)<br> A) Test<br> B) Test<br> C) Test<br> D) Test,A,,Vig3
7,Test Question (C)<br> A) Test<br> B) Test<br> C) Test<br> D) Test,A,,Vig3